b79c50b6-24b8-69f2-c912-ed6841d678d4,356
d8df5f72-4756-6c10-d820-8dd860823284,304
541ebb1c-a91e-5e64-c3d8-020c569c49cc,59
a28393ec-1564-6eba-d4c8-7e902fd0a3f8,678
35e494f4-b694-55de-c5ac-db4cb45a3fd2,458
e1ecc8b4-b8a6-6196-c828-fffc05450da6,303
9a168dd4-402a-7052-a8f0-e948b4420eb6,645
9356eb56-5882-7606-df42-6de610e5e4c0,797
e9b7ec76-88ba-4b7c-a16c-3f4e0aa9615c,52
1a171a9c-a12e-75d6-c350-59d45219576c,715
f79159d0-6512-6bc2-c7a4-a53c9f691c14,500
d1458e84-2aca-5d60-d9da-834cd9169366,604
b5bcf132-7828-6d28-bda8-00e2dfb578a6,747
b5bf4030-da02-462c-bacc-7b304e523c02,797
5e96d504-936e-4996-ced4-f88086e23558,906
b4ef9dbc-516c-470e-cc42-7c368c9ea46e,918
d87fff82-37d6-5f3a-d0b4-affeeb994c64,179
7a64b0e0-c50a-6d72-d110-9f0cb8f1f3a0,1000
5f101a3c-2fa2-49fc-cf40-c3124e7ed392,78
9f79bb92-08ec-748c-b950-5a58634c7b9c,854
75a2d690-200a-6bae-b612-57e04ab8caea,861
a55207de-174e-5526-d8be-dc58f6d4c298,312
b74e7b64-b638-75ae-b5a0-e5dc1ba97faa,829
5ebaa8ee-533c-62f4-c480-5c28e373d780,323
3b35b682-531c-4362-ad12-7328f2ac6f12,997
8c4bcb08-39fc-69ec-b2e8-514ae56cbf12,318
75582da2-81ac-7576-c906-37e4f1042b24,262
43131dc0-aace-4386-a6ae-fe0cfedf667a,626
b65f5a34-3dfa-6900-b0b6-91181fdc2c64,635
5fbf0440-9b76-40ee-af48-d5727cc42ada,116
c3a526bc-e9ee-6dd8-b45e-6b9a102c634e,398
ca7aa37e-8e74-7c0a-a140-3942bfb3ff90,685
84b4374e-660a-731e-b184-a40441fd9c20,175
c9fa351c-c884-4004-d95c-63fa707f40f2,86
c450396c-6bcc-6ad6-c028-55baa269d8ae,754
8de6c154-3bfe-71ea-c4d4-ca72cf3fedf4,399
c1a503b4-ed84-6e02-db04-538e64a86122,506
ee6df792-fd42-6ec2-ccb0-c5c67d2baec6,884
7ce229c0-efb8-6eb2-c32c-5b862b52198a,786
2a62b140-f238-77da-d296-2e36b0b129c4,66
3418f8a8-17b8-7d7e-dc5e-053c8be4ab80,235
5c6c58ca-0ca2-43ea-b05c-09e46b9972ac,13
9fb2cfaa-2174-631a-d96a-112cdd4951cc,367
b15e6cb2-6b56-5fea-bdf4-5d90b10997c4,579
56a98bc6-c188-67f4-a470-d9401b4f6572,502
f090de7c-10f2-7830-d746-1d967a1bbc1a,594
2ef4277a-2ec6-44b0-d726-503a807de7ca,919
a4ea6168-3998-4d28-ae1a-a4ee6ff26d12,196
3cba027e-04d8-7c98-ae46-c6606ac9e48c,118
64629fa2-49fe-5384-de1e-5af25b3e4bb4,633
c50e7888-07ce-7d0a-c002-3694d4e241ba,761
898986d0-2986-47ba-c838-631ef6e8d4e2,519
198a080c-41f4-6262-aa8c-46cc7cdb1efa,913
0a8e0d2e-0388-6b88-ccd0-4d86a6743f0c,766
9b0ba878-8ac0-6054-c100-928e9f9d1d5e,329
921bc922-5f1a-582c-aff2-88a0c4abdfe6,290
7d06ebbe-b4c8-6e7e-d3ca-f6be859c90e0,926
aa473d8a-afda-5728-aab8-b362de4a42b0,140
57db00ea-81bc-6278-c962-0c7c4d7f02cc,325
5d7d9f0a-202c-4b68-c82e-7f46bde3e394,44
2b7b07e6-c37c-704c-d3a4-7844242ddeca,247
60946f02-6faa-65c6-cc8e-1f8402647cee,749
965ed2e8-bfa0-6ed0-b3d2-415ccb211148,880
ebde4dda-1414-4798-cce4-3440db3ed300,223
6757b386-b696-4d34-db6c-7a12998bfd80,232
59d6f256-dc4a-5680-c15a-4bf4a64f7c46,771
13c66b78-f934-452e-de60-b8d4686ef3fe,596
eecffa32-0546-4f68-a80c-195cada0d700,141
51ec4d9c-aa02-4a04-a124-6098a1339738,298
3db4daaa-94b8-6ba2-ad00-710201d30222,321
5ffdbcf6-7e68-7c42-c86e-779c9c364172,117
da393072-3570-7902-caa4-3ab82fc8086a,640
84655414-df6c-67a0-c1b0-896e24c131a4,561
884aea06-c8dc-5f66-a4b0-5d946317cb08,366
f92dce96-cd2a-400c-ab8c-4b92c6c0fc4e,801
5de3c32e-3dc0-5acc-d3a0-7332a12193ce,5
9fd1adea-9c3a-50f4-a1fe-7ba66c9f3896,979
149b0514-6a3a-4684-cf1a-331865caa5ea,387
580990ac-70f2-457a-bf44-3e1c6ff40586,666
3ada89ae-01d6-5ecc-acdc-3f96622bb998,816
0148b2c8-4d68-5ec2-c0b2-e9a276deefb8,771
82896548-284e-4660-ca5c-928849f84ce4,204
cc33c5a0-f2ce-4d40-b64e-63c0576152ba,459
a672a1dc-5842-6062-cb8a-5a18972a3f30,477
97b699ae-f8c8-78e4-ac78-46301ce817a8,227
d0da2fd2-0760-4fdc-b51a-2faebf45163c,917
ec23c236-6320-58ec-a7d8-55eeb582662c,862
31a5b9ae-b8e8-53b8-bb8a-112a71e1341a,725
d2436b42-734a-7f7a-a4f0-6c147e57b860,12
ff04b244-d008-7e94-c218-d7683c7e0e70,138
a64c0716-24ac-76aa-a94c-87cc2c5ccf96,293
be00ddba-35c4-6f4a-b768-eeac7965c302,781
c2fbffd6-f71e-7a06-cb18-6a68b4957980,997
f6b3d67c-31e0-4172-a8c2-01e83f45c006,772
fd33d950-ce76-620c-c066-f322f6a458b6,211
7c877aee-284e-7ad8-b8a8-5e12a8132a24,165
f3a34cbe-ed26-6302-ac94-e44473125d08,297
01124eae-d688-67b4-c52a-086a4d4ae926,928
28c20a52-a92c-58c6-c3a4-77a29beffad4,787
7fdb6ac4-538a-6dbe-c5b2-7bd8801c6898,215
ba75d9ea-92bc-6e6a-c6a8-7fe25308116c,394
56686428-6e74-6ae8-d2d6-44fefbaf529e,310
48574d68-3bc4-45ee-b7ba-e4f2efd59eb4,591
dddf5c94-9988-7f6a-a75a-ed145fea6d28,353
d3ef68ec-d5c0-6b68-a2d8-687cf22319d2,237
51dee860-2b40-5cbe-ac88-99b451ce07a6,1000
f907deb2-5a44-575e-cc1a-960a8bc25d4c,698
6c027afc-fc02-7f34-b790-958aaa0cbe9e,655
25b7829e-2bc8-4bf8-cb8c-018892c33760,532
f2346a06-5132-57e4-b266-7c7265c174a2,924
d5571628-7c4a-5e4c-d4da-d68e3b1f75aa,62
9b846c98-d2f8-64cc-c794-cefa0bbe6400,319
49d76484-22a0-5e10-c724-4e68fabfaa08,411
a9c04ff0-e168-4114-d9f6-329cb5cc98f8,876
dc7aaf0e-0d9c-6b4a-a536-89e6b87f4996,501
d82a6074-bf42-5b08-ad0e-923a52257fd4,482
fcfa6134-e3d4-73c8-a5b8-0674c5a3d1da,713
d37154dc-7be2-7f8c-c4ce-5d4c10d880a0,99
604f8fe8-199a-6b22-def6-2736c591166c,933
b550b11c-6004-7e40-b190-1f46febb9948,5
2c2fb180-191c-5342-b2b4-fcf048fe070a,438
c2740366-d8e4-454a-b842-54c845f304d6,75
1cebb214-8578-5bd6-a1fc-9f12256bc6f8,727
ffa3c648-dd64-4520-d764-3d68176e4360,260
dabc5cae-dca8-6794-ae2e-f5c4bff8fad6,188
15cff2b6-01e0-7950-d61c-dac6c66e7e9a,431
e69e2f8e-8370-4b70-c1a2-08e8ad7da746,504
809da7fa-6e3e-6490-ce42-4ba2e36c29b2,208
26f3890c-6d12-6e9c-c5ba-49bcbb3ed630,34
780f3f80-d106-54cc-d236-d2e6d8c40e1c,399
9bc7adac-8cb6-76b2-bd3a-1028558cc222,524
0ec11910-6968-627a-a10c-d7a6417f870c,62
93da2348-b0be-54f6-cc54-1dd0bc7b8392,737
30ca678c-59c2-45fa-c70e-2ac8fdcb9ac6,214
7720fdae-a8e4-4198-cb5c-359a7128784a,584
215645c2-3a6c-4774-bed4-a3d421f329ee,748
9fb37b7a-b0fa-4f2e-bec2-61b813ec6424,932
a8247f8a-e7b6-5d28-c716-41786ff26322,507
3b146c40-fde8-676a-c9f0-a6cc555d6902,770
ba0fdc68-e14c-5de2-c22a-1bb875aae556,45
56fabf8c-0f46-60de-db06-c0409a09f00e,165
836f21fa-5432-64e0-c184-3beac3700208,18
c6807d62-652a-56c0-c9a4-63143ecc7e2a,703
e56e09e0-e72c-68e0-c648-c878d35506c2,481
e7eae430-ec1a-4972-c3bc-fb6051552a52,210
dbaebba0-1a60-788a-bd9a-6e927866dd6c,542
17b3aa7c-df74-47ba-c7e0-44a0157f1e7a,875
1059a7b4-9ca4-6518-d194-83d00c7bcdf8,584
43254c48-d4ba-6052-d078-c0d4968b29c4,414
096ebc34-5416-72f6-d7d6-6e76ff596b80,267
6c94dd0a-48ec-5490-a786-28625e20dc4a,385
22d06d02-fac4-40ea-b4b6-9768d5d92602,160
b0611b38-f3fa-5e28-c780-c8b6ce60fe7a,120
eaf6898a-2840-6c2c-a5c0-7c5628161f22,850
200beace-8aa2-5306-a7d8-d390ecaae796,67
52c6fbf2-c3e0-7ec6-c8f4-bea4b5abbfb0,660
8657560c-e5b4-43f4-d144-d9ae8feaa21e,166
2fffa264-a098-70bc-cbf0-c8d8d161dce8,60
10044530-fc0a-6f46-cffe-86ae069c424c,738
c0175a3e-29e4-4734-b630-edc4410045fa,534
fc7eac6a-05ac-7cce-a276-eb6002ea80c2,725
f00ac50e-22e0-4c80-c774-c37a2ca2bd3e,231
b4588c52-9a26-4514-b182-9632333a345a,955
18641ce0-76a6-7956-d71e-a08a7eb8408c,920
6b308e50-8686-4c72-daba-8c32a506c940,917
38957792-4a02-70ec-dca2-6ce487e0fd6e,284
2be7305e-baac-777a-dcb0-54d2ce073c8e,644
aa04eb04-70e8-4fb4-a7e4-e78e4a27890c,606
6835881a-c998-4c50-b66a-501efa0dd8c2,231
3efcdc52-a202-4e54-b3e4-ec06c9ae3f42,626
81cc58ea-3cb0-749c-a948-f75c6c886c16,555
b89b4c2e-a8a4-542c-d734-198ccb9963e2,145
76e9011c-ecee-7e1c-a936-b686462c0a6c,698
673906a4-e330-70c4-c2f6-853213347f18,117
26547138-be5a-4762-aa22-fb0aa6d7fc00,336
3484f266-6816-5964-de96-10bc16576d90,312
89c12a48-d172-74e2-cb64-be6034b772fe,875
d65274e6-7d6c-543a-db8c-609c7fe744fe,890
9a6be5ce-c418-555e-b708-8272bf845cc2,410
9e707d7e-58c2-7496-cfe4-c0d8a27d0dfa,751
c7acd194-7b8a-6444-dbde-4cfe849fd928,321
92770b5e-4c26-5bde-a046-c992c42e3018,650
ef582a2e-7518-5a54-affe-39308b9fefb4,292
472fbba2-4c76-4830-d920-a538721afcc6,722
2b3d6610-0ac0-5780-d7a6-864c88817bc6,267
6831d34a-54ee-5ac6-bea8-a114c85136a4,389
fab36aa8-66be-5ac0-b4d6-dbd693ddb516,453
a7c61506-a4ca-4bda-b0a8-f14071b9940c,831
1c229678-90d2-72d0-dc88-9b9405d70a50,228
c5d921e0-8616-67b2-d52a-db041512c27a,159
61f27c1a-f91e-72c2-c6c2-5fdc95ed8d82,277
3a783bb2-4298-606e-b0b8-e76278d52c48,818
b3ead8a2-c054-6b2c-cf1a-512832f5ddfc,92
c6cfecbc-e84c-5fd2-ae9c-6e64d05a0786,730
629f4968-ca00-5798-a582-c31e6f8e0a5a,130
2cb422fc-97de-67de-beae-da76226a484c,287
788fc1da-7494-50ca-ba7c-34eac068fbf6,987
54318612-d9f2-753c-d2ce-c23e65ad150e,655
f35130a2-1c94-4530-da0c-e69445c65cc8,104
de44a9b4-6724-6bd4-acb0-ff02a3a313b2,446
ea16d978-5bfe-5ac6-bb52-d092d62eab90,560
e71b057c-a786-7f68-ab8e-81789f9eb4a4,338
b62243b8-c9b2-7fc6-d45a-e648605704f6,998
56c6ccdc-61c0-6df6-d690-c8e455a019ca,251
1641c7e6-2d7c-6ea0-c15e-897a6db94966,387
209d5a0c-f4f8-7282-bf8a-9c7e7dc9b1ea,262
64761df8-668e-6976-c1b0-3040974b693c,766
5e071688-6e34-4472-c366-cff4dd55f268,914
f93198d8-0c32-5d38-c0be-39aedc070bd8,62
eb89c328-553e-7ece-bd34-4a3664ebb150,78
6827e6b6-633a-67d8-a4ae-c9c8f037514e,904
22d1fa0a-ba8a-7c68-b092-28be6eb200da,210
1ce4f8b2-f342-4df0-b18a-ff74495deb28,147
ab373922-f700-7466-dc4a-4c3ea8213334,637
fccd9676-e486-563e-dd2c-47c00dabfe16,194
efe0118a-4f64-6838-ab94-09f0c40c24a0,577
048b32ae-257c-5020-cb62-18bee8b25e10,217
fdc41834-4938-6f36-b156-40389266a39c,249
c69a8c76-d6d0-6722-c2ec-bb56996bfd60,158
37570318-fb78-61f2-b4a2-4adc72bb0a2a,227
2a6154cc-2ecc-7c5c-a77c-544896a64c7c,314
e84b6d06-aa8c-6fca-a53a-f3c4e4f41f00,559
08de33fc-c29c-6434-a074-996eb16b8b56,574
f97754c4-88b6-437a-b7dc-842e152fa56c,344
96eacf0c-af98-4cb4-c3d8-de645f62c912,939
283732ac-158e-5e32-bfb2-c01cc878cdfe,964
26cab3e0-ecfe-7b80-c7de-af9c54641fb4,997
d6aa490a-ab0a-4bb2-bdce-33c04d410f2c,4
4296b7f0-b49a-622a-a6fc-6432eae3eee0,605
a90d4296-b7f2-562a-d542-cd80cb9bb45c,882
b5b18d9c-825a-79e2-a17e-6f5a5df63562,48
66491ef6-5516-51ae-c800-00209d495d60,52
08d133e2-6c8e-7b7a-cbd2-212866fa5da6,145
3756855a-4c86-5da2-a7f0-04784abd73cc,694
dc74d1f8-282a-5226-bf96-aa846bc88c0a,433
ebef19de-c16c-4a70-d8d4-1684860e9c1e,560
344316a4-f97e-66a4-aa86-660caa45a21e,534
5add8734-ffc4-6926-ac8e-4c4a6d1cc6ca,448
ff4350c2-3a96-51b0-c2bc-62c0b7af63d8,430
78a10d46-efe2-6366-c724-b14e5748edd6,714
694fc7d2-89f4-40ce-be78-8372e234a772,855
0e91e980-4992-5f58-d0b4-49561089087e,983
00d895a2-cf48-51c2-c664-09e0927b6374,859
03b36ca0-c74c-4b72-d9e6-b72e2633aed8,879
5ad9687c-9cae-4106-d050-26a2dda101d4,382
5b83aa16-a948-77c6-b396-f2da9f86971e,827
ea0a3c30-9f9e-418e-b1d2-6ee63d63d352,918
633578c6-36c6-4158-c568-fe1210854ccc,888
87acb540-fba4-405a-bdbc-98545bcf0160,652
0f09bef6-0336-5cd4-c90c-ac7e44ce949c,831
45959f58-2bba-40ee-bb88-cb587750827c,104
c21a3a40-55ce-6594-d306-8c94cc5426ec,548
9e9d8aa6-73b8-77be-dfe6-6f5e3397f818,35
c7c807b2-f97a-6bb0-a6a8-fcb0b7eb0886,256
c21ca92e-9d22-6c58-a886-c8dcbe2a2d46,217
75739436-afc4-516a-ae76-0592575636fe,363
6ec29228-5dec-59ec-bcce-d1a4588c11aa,202
14164102-09c2-7a5a-a8b4-033cebfa660a,698
e461ffec-6e90-7f14-c91a-0bb20a116b6c,681
81add490-98b4-55b0-c8c6-48783757e71a,183
e7e54e0a-1e1a-78b8-c032-7c0674a2d2a4,391
b2dc4daa-e44e-59b8-aeae-ee12d42d1412,636
74ddf14e-7a1c-66c0-d13c-e8ae499025d4,1000
04abf460-9142-4bf8-a8f0-29f69372a1a8,491
1993726e-88c2-68f2-a078-a6dc37b721ac,345
0bd122e2-f450-5dae-d08e-d8a053daf766,522
d2dbc6b2-0b78-569e-d800-85947df1bd60,629
4c3c6e42-e334-4394-c2a4-74764ea7cf8c,841
37009e6c-7134-5d4c-b0da-f9f600e7c63e,321
065da0d4-e7ea-7200-a3b6-dc3c66560fae,816
5e81b4dc-0714-7380-db8e-128c7eed0a20,474
ca689820-c780-5ccc-a664-aab4bac92060,405
df841f2c-efec-549c-dd98-6120938cf1e8,403
98705b16-b828-5fc8-dbea-a012635311c8,692
b20c7c4e-2176-73e6-d12a-288ad8552768,258
66133b16-3188-6048-b336-f908d513bd14,278
1881a3bc-dd74-42a2-a2e8-cd60ed7dd740,57
84d92e80-c928-4ef6-a996-81502ec8eebe,735
e2932164-0086-4524-bdb2-21fceeed390a,646
df9f4a86-6072-7b96-a59c-91faa21c5bde,462
72a58b02-18f2-726e-cec0-f6666bfd7510,513
a05ac3c6-4c50-722a-d246-157a075ac120,260
f00596ca-afde-4160-d82e-b0646ba94684,404
2404d260-7f8e-64c0-bce6-e002f37fa056,287
405d71fc-fc36-7b56-dd00-15287cd42dc4,243
13d90b90-a2d4-5d68-af56-ef26530e8f94,850
1cd304a0-50b4-7d7c-bb6a-00941a7a3edc,873
58ccb0f8-8560-697c-a35a-04ee530fce3c,502
0292e4f0-6e92-42c4-b6ee-6ac889513e1a,961
e8f77ff2-6bde-7fae-ab82-0eb2f5749d16,692
3143fdd8-2caa-5c76-a278-7d60a65159f2,356
33797df4-98ce-717e-ceec-1e2e810a9afa,36
27a9231e-6936-5288-a80e-d7c85359954c,427
f6d54292-d366-72ea-a284-3f44973d3298,862
d1c74df6-cfb0-68de-abd0-fc5a180dc556,317
782179ba-1f48-6c2c-d7ae-b818e672ddaa,219
c619d646-78a4-58e2-d964-e1daca862b6a,94
5641b9a4-c0b6-6070-dc36-941ce84b135c,176
dd5ad360-45f4-4cc0-c158-15a49722b59e,697
e16f1200-7af4-7b70-abba-9a3eaf61a79e,21
ecba5256-8548-6a06-c89c-fdee7e0582e8,628
38e9dfc8-ae54-6376-b96c-6f0a3dc183e6,861
60f60328-9742-545c-b688-dd3812a7611c,928
b1cef2dc-16bc-6508-a4dc-91b0a2f0207a,926
c68a2bee-c818-5402-de44-4d602f06be08,399
e5784b4e-40f0-48e4-cb18-ef44bf45ec5a,678
5c035e50-7040-5a28-c178-078492f6ae84,982
c8a8e4bc-0fa2-6fe2-b798-265e885d94ea,54
a862b80e-b564-6d0e-c3fe-7d7cec7e8110,134
65c5cade-3f18-4924-b62c-80088ef9d208,413
be296f4e-be62-45ca-ad9e-2ea4a0fe5ff2,841
6e5b3628-0e76-6716-bae4-1e18bb2d96f8,694
28fb4476-2be4-4ef2-dc86-e148b9b63c00,252
ec785ec6-bd10-42c6-c9a4-fc28eac64bec,616
8a4b7c32-1df4-4116-cb80-dc581e4a86e0,386
13470afc-e6d2-6834-a124-f5480c384f4a,722
ccd11362-e644-4e84-b7d8-122829541d78,778
79c9f370-5978-74e2-b236-168a69f177aa,721
4af912b2-c396-7bac-aee4-e18a5d193cc2,117
9677bde2-c3a2-7382-a8de-aa74ba231bb6,170
2dea9fbc-6b02-660a-d31e-51464e29b490,940
98b2636e-d208-5f56-b6de-2b80bf27943a,472
e3c7420a-0be4-64f0-b4be-cf7a873be09c,16
4c48b104-1d5e-5e08-cee8-e100a219918a,549
9a658b74-ad42-41ca-cb32-18449be7a7d4,762
b059698a-5c64-6948-acf8-2e6c6b4648a0,358
bc1759ee-dcda-4cec-bbf8-e8be0585f1de,808
d157b838-d27a-545a-c93c-efdaf4623262,2
d0cfd0da-c3ec-4fec-bc50-712e44c051b6,202
15508972-f98a-65d2-d2fc-55f0aa254f1c,58
2c48845c-97bc-63cc-be4a-74963e84b0b8,533
93605d54-a296-6afa-b58c-751229813f54,510
41e364ec-71b6-56ee-d5c6-35a40f9966da,492
a717a6d2-b890-5998-d046-b21aa7ff7f6c,509
ffbb080a-ce88-6338-ac68-6644fb05c704,80
a769dada-77bc-64f6-d82e-1a54f37f4ff2,624
4e618f66-8f46-4c82-d452-00fea4942370,637
ef4336a2-8a4a-7c30-bd74-42dad24ed5c8,324
3d88f4f6-5534-70fe-dd00-23bc659d1436,412
34038a00-db3a-741c-c4da-52f61a4cd912,87
17c26d4a-2904-6ac2-dcb0-b84cd794b746,963
65b0b94a-dab6-5b1c-cfec-6502ba41d74c,920
38dda7dc-ad14-5b1c-bcd2-024a12e70c1a,702
d3522606-2050-633c-d008-fb8a9a9d1758,886
73544e80-f06c-71ec-dbcc-1970aeb49cae,943
ed82d1bc-53f4-6980-ab06-2eac8104c49c,657
32c893ae-9be8-4854-db8a-48fcd1882370,884
ceb64b46-2f8a-7232-d14e-4fdab2a9956e,662
361a4b64-acc8-7638-b9e4-9d34851be824,206
c4e6b6a4-84d4-4e2e-a862-d8c80d63b7ae,22
bc8c0774-7c4a-4e5c-bb22-1832413ad6b0,356
9186612e-fa20-6f0c-cc76-29aad2bf213e,9
54257984-b6ac-7f1a-a4e8-637437c47552,202
d4e000a8-5d78-747e-d74e-e24c8df3c2ac,298
aacabb14-7a5a-5318-a28a-f6a4ff91e174,339
f36f0ed6-b824-745a-d004-b244eeade366,896
4ac1dbee-04a4-7a3e-b572-bb52931a7958,161
19851ec6-eeac-7928-bf70-4c24c5092da6,532
78702e70-f052-566e-c984-6aac26296986,542
18146150-4afc-49bc-d026-032092e33e16,565
ba17b566-217e-7ca6-b154-26225d2236e4,640
89d3e174-b03e-4122-a03c-9eea29bd7a4a,570
42daeb0e-a7f0-766a-b97e-9842ee460cd8,870
301802ee-765e-6f12-c43e-c15a4a54b8ce,327
a0b2c47c-f6e4-7490-d9e2-186259d3b136,374
a1c73e86-e81a-71fe-bffa-9858d04cf322,809
624e3742-6d6c-7fe2-c250-155e7a9c364c,377
2a94ada0-4324-7ed2-d090-b984a811ede4,637
b77c7ade-a6b2-6934-df5a-9d96dab19dc4,700
2e67b5fa-4efa-4474-d480-37141602b672,984
92adcf6e-a994-74b2-a6b0-17022b707494,603
c92b2c60-aae2-64d0-ba00-ee063993a3a2,307
8c40a78a-9186-5f60-c26a-3838e7ce8894,610
a3aad5d0-2658-5b02-abca-75526183df76,634
e280ac66-95e8-54c4-dbd4-3f7e68c9c976,415
3e305680-3e0c-6b88-a2e0-e8eefee91058,981
4935d6f4-b3fc-6772-de80-45823acd86d2,99
ee2e7dbc-0f66-42ae-b38c-35be04061db0,391
dc21ab10-fd26-5fa0-b776-9310a438f464,203
3ae6d28e-bddc-55d2-c90e-fbe8a24b015a,502
db83e4d6-11b2-48ce-dbca-c5aec515f040,978
f3d30b32-7712-5b34-a8ee-8678c883dde4,453
079bbc36-fb94-7bd0-c746-f8bcddf41b70,635
0f248bcc-0fd4-520a-be5a-cdb0742be7dc,763
306cc998-e936-7356-ce6e-fae8bf233c24,191
915bc098-2c66-6484-abca-a3783e3e7fba,404
a69c29f2-5d9e-7132-c628-5932b2d1ed02,571
056051ee-0872-4c2e-bdba-18460a859e38,370
a222e5f8-8614-437c-cf90-6f4a6547f6d2,870
4cd36a32-32f8-483a-caca-5f5e3a056cbe,389
2cc102d6-ec78-4b4c-ccc8-4a16a5997c7e,507
5252a34a-6980-6062-d538-71f247df6c90,423
fc248a3a-0ac8-4f08-d032-90dcec7ad286,441
663f0026-c958-7dc2-ca58-fc505e8245fc,568
1ed25bae-b2bc-4bb8-be86-9f34bf2dd706,121
8fd1e94c-5384-5e40-ac96-bd06b40ffea2,226
a6642ef8-6b32-54c2-d932-75fa70d763cc,254
1f6b06d6-3652-4928-a6fc-ffaa00fec6ea,222
2542fbfc-0ce8-467a-b7aa-bfa4be9d9232,562
08d45ed8-6938-4180-a824-bcbe4f1edfc0,480
9fc579c4-de64-568a-c8bc-49965ab1ab4c,909
4d72bf92-0f18-4b54-a668-456adb29d47c,948
d7f04516-9b68-7ebc-a112-a850f5424536,256
33b267f4-d768-4eee-a6cc-40a27f8a906e,833
143dfd60-702e-63ac-d724-4e92049a3a36,978
d0f6982a-e584-41d0-b7bc-f49c0c620d26,545
53b03a08-e1a2-6b8a-df1e-7d0aa9132a46,160
ff5e255a-6f7c-58ec-ad4e-46e63b0da7da,436
83e08788-3848-630e-a4e8-a87894bc46ba,298
5b19f70a-80f2-5bec-af34-6676292e9dbe,291
23775b12-aae4-4516-b51a-8c86538ff0a0,636
e0d10992-1ae8-5468-ceec-8a6435b82d56,76
ed2dd14a-d530-5058-b8d2-0d7ac79b7366,36
b49fb5f2-ba20-59c6-ccfc-3b129b9df5b4,234
ee50a188-9372-6322-dc9c-3e565c052838,535
1779cadc-18da-65f0-b46e-33c2f7537a58,846
4730be26-a7ae-7f98-af72-7ce06e90cff0,647
c92f8a5a-4356-4600-a04c-fd7603e89fc6,553
8832388a-957a-697a-ba12-28ec4f974c9e,533
5eb06742-74d6-6866-d220-8db03cf20e56,432
0769c172-88ae-49ea-df9a-305e32a8c982,512
ff22ad3e-9972-7750-d798-dcc8d6ffbd50,274
69e9da40-5d18-652c-b2ca-f2929cfd8ea8,409
dec21b80-db46-438c-a2c2-501c02242bf2,702
f362ddce-3a48-7b72-bf40-c2f66900c55c,287
d4acf354-8ee0-6de6-c092-2852f4c62538,610
1449051c-e288-500e-bf5c-3fa0b5edb53c,439
211d3234-43e4-5f02-adb4-1f2ac9d7a28e,240
d7b16f46-ce80-455a-ad14-08c8130040cc,773
7e6dcbc0-0628-4b30-df14-9508dba83918,153
548dbd5c-5e50-77d2-a278-40d8a54f87e2,903
42e2807a-3d1e-53fa-d2ae-8102304672fc,391
eda8a02c-158c-50d8-af72-e40c921f5632,565
d12becd6-96fe-48de-d896-9d286597540e,636
38cb3230-8d26-5752-cf8c-eb768cab0f26,962
ade22c50-9708-53d8-ccca-d4263491e7d2,332
3b605528-5ad0-5fda-d554-705c59d430b2,932
25105468-86e6-614e-a13e-1de4d520aa2c,273
b233bb0c-fe3c-7180-cd3e-8b62b22948d2,471
8da576da-57f8-4ed0-c32a-ef004bc0e2a8,174
fe06c326-ca7c-6f6c-b84e-254c39b40f46,385
442195a8-3ff8-526a-ca10-c6decfa473b8,373
108ee4c4-1de6-6524-bfd0-1c228dce96a4,679
5b74a784-df78-69da-be5e-377094a0f8aa,144
ef9b2672-db52-517c-c998-a5ced1fec0e8,153
45dfcb1a-d02e-4f8a-c0c2-1028da4c21f4,951
1eb6d706-95ae-7624-dbca-b394f7e59b48,946
2e32cfb6-31ee-68aa-d73a-1166c5e35284,449
447848d6-4b2e-5722-cf48-2682e85168a0,132
9b9acc50-2988-5aca-b76c-f9b8d2376a54,420
653e09e0-8c4a-4302-c0e6-21f8b150b926,701
a529d58c-5470-784e-c542-865e450ce0f8,364
f49697c4-337e-7216-c09a-7eac6729093a,427
a05aa52e-71da-68c6-d180-9b62d7960390,115
cfcd951a-6de4-411a-befa-fa2ee79b441e,723
acc51c26-fd44-5c94-d1b2-51b4117e14e2,146
710cd812-f5da-7372-cfd6-295852156588,620
c6efa806-6ec2-6056-ad34-e09c9aac491c,638
12837c00-4cac-47a0-b11a-ba90499bc8bc,92
7260b4c0-0cda-6ff8-b0e6-0a1e3c984c8c,442
0c455bd4-616e-598e-d3e6-574818b00d00,887
061c80a2-728a-7430-c8a8-e14c8d7c9486,205
2cbcc1ea-dda2-7492-ddea-2a4e9845fc32,132
b67ae4de-c4ee-7f1a-b99e-d1c8094b2f12,282
dd3bdbe8-7b9e-6d20-d7bc-dd0c4f7686ae,402
389b3456-93b0-4f60-d4f8-063acb710390,46
f6efe786-9816-537c-c970-75b817b0880e,387
1b81a006-8442-7660-a4e6-4930bd6c357a,980
a4f11afa-648e-490a-d6e2-e02cfbefb62a,421
a094bd3a-3cda-5a40-d190-d08a1c4aa9a2,94
8678d6c4-ad32-4428-de4a-454a63c5d7a4,630
c1bfbb02-5fb4-4f16-bb0a-e3f688808576,685
bd452d26-baf2-7e74-a820-1f80ecef8780,893
193effac-3daa-6da0-dce6-7a84229307e2,575
e7d24b0e-b184-54fe-c1d2-5eb6ce96d926,921
6742a400-b0cc-47da-bf04-108090cb96f0,25
d93ff476-1c68-59fe-c19c-d75a5f979872,972
6bdcf6da-1ff2-68c0-d686-5d9e2d301662,246
69abd822-1e44-61e4-c332-cfc87cdeb6e4,750
b53a2e7e-900a-6522-b280-40d638466cfc,272
2ba55156-03ee-6b92-a5cc-205601448590,608
4196f7b0-1e02-5128-ce8a-3df6714479e8,198
e2c99b94-904a-587e-d3b6-ae8e4372fa64,617
7cd87e56-b148-5bee-ccd6-4152093a0110,307
8999822a-6e0e-70da-b380-71fcdfd19c6c,728
ecf09252-21fc-40b8-aa02-3ffee9b451e0,860
ef557df4-cbc8-5d9c-b988-5c14800af61c,120
e7a50aa2-f080-6428-a8fa-a1c81a450016,589
8f96e31a-0128-7526-c544-6f36792e6600,807
6f91e132-026c-5214-d384-2468de21d2cc,544
7c086466-24ac-7612-c25c-f0747590d3ae,241
1c3c4c88-c9ca-4924-b72c-ba4a1899ad4e,408
3ce95c12-ad64-55f6-df2e-ae8ce40ecb1c,898
bb5d1dc2-311c-5d38-def4-33883cb32f4c,530
f05357f0-0218-6ffe-dc56-26c47980e610,843
057a173a-b9c0-5a98-c3c2-838a714823bc,147
9dc73dd6-d10a-5b14-b9e8-7e708ce5b10a,654
131e2cfc-7c26-7d8a-aac0-ad4241015ac2,975
846ee0ca-8a10-7c2e-d8ba-8c2893572c2c,880
7b34b2ee-123e-53c4-aa28-cbfece0e2e5c,635
e0974f88-521a-68da-ad5e-232455f383ee,348
85f8a194-34fa-405e-ae92-b1208d217de8,405
21ff5e64-d8ac-6306-df2e-62bce1d81f34,107
e460eee4-4b62-6cfc-c1d2-5da0b52600c0,877
7df1299e-2f1e-59e6-d926-81384aa682c0,863
8bc2a45c-06ae-6dce-a5f2-3ba836362e2c,668
d740ecca-ac16-6dd6-ab2e-84c2736090dc,624
dd51e77e-b012-4246-b662-fb74b72d6f42,131
4c6f5914-7004-6430-a2b2-9f2284367e16,160
b212205a-00d6-425e-a4b6-07863bc6302c,311
f2ea432e-5e5a-5f2c-cff8-0a700cc64d02,764
c6ce8f32-dde0-4584-d6b0-8df21df907ca,398
9fc78966-770e-4548-c27a-e71288a8a97a,714
31018634-2790-6104-c68e-2868e5506364,129
4b332fee-9390-75ee-d31c-f1ea6ada951a,33
c866fc5a-e21e-5e3c-ab8c-bffe2ece23c0,201
cd274df0-2b8c-4f50-b756-a29a20451498,349
636789ac-be12-5efc-afe0-e5a4ef3d8000,467
91890e0c-e364-61b2-ddfa-76f608dd97a0,105
88b768e0-2cbc-542c-c53c-0edaeed6726a,877
e320ced8-962a-7306-bcc8-c1b6acd34256,115
8c596450-56ee-6dee-cdfc-15028619ccea,517
2bd2faa6-4cea-744a-a8b2-3050940bd5fe,602
3f89a746-6d9e-77c2-b026-9a5ad8144bf0,100
fbfaa934-be5a-662c-d80c-54840d5d5932,561
4efb163c-9b88-48f2-da8c-f27622f736e0,794
fd4f0778-03ca-6666-a21e-50b64ae61ab2,901
684d8106-f0b0-517c-c84c-5e4e35884940,438
8c7cf8aa-9530-6dd6-c1de-538a832b1402,405
b916a80e-6d34-6ec0-de4a-08bca39137b4,889
d201fb32-6e94-6162-a2ac-7260fdbb07c8,971
8e01c316-227a-4f9c-a41c-132a5f876118,618
a36e717a-aa58-64da-ca24-3f8897b652b0,721
77339312-66b2-65ee-db22-d3e616ecd4b0,221
f622dca2-0c64-7244-b7d6-7af8ca3dd3a6,592
f09fed58-db70-5f4c-d06e-fdea6ed9eee8,457
382d1116-5002-60f2-a290-fa5a215605ce,46
061d39e4-587e-78b6-acf6-bf32e3e01ea6,679
7f579318-f356-4186-cfbc-ffba01b933ca,241
36517ab2-0772-6214-c80c-e2e264fe0160,647
a489e0cc-f04a-4d06-d1e2-404c2d9b6df8,721
05aa3aa6-73c6-6126-d48a-cc4687c359de,536
dbeb8b78-7884-499a-be90-6bda1caa4b20,816
1bbb6b94-7eec-55de-c646-865ee371f7f2,473
7e4a6940-f954-66ce-aa0c-e99e391573d4,999
be8129ea-e1cc-7062-c490-55947bb7118a,813
bda021da-6b68-5a9e-cd52-e3ec8fbe6438,957
d58e4fc6-af5a-5a30-db5a-2e46d3e9300e,264
b526b4a4-2802-6ff4-bde4-2156dae656c2,337
1c130af4-ca96-63e0-d4de-ac620dae5444,621
304f01f6-65ce-728a-c3d0-d136c7bd8d28,530
fbfdb522-f162-5d06-a4e8-a0bc41d5f736,762
ceb0cf02-2744-61e2-a3a6-4f46c28151d6,716
cce5709c-a898-497a-db90-732e635ead5c,764
2c101f92-01a0-49de-c188-676ed0febc68,291
875238a4-4992-567c-cdc6-3af44e12b382,332
f41cdbb0-aab8-72f0-cab2-d1fe1dde14d2,276
72c22144-66aa-4fe2-b1e2-0f420b7bd95c,159
2f2a8272-86b8-7de2-c204-88584e7907c0,718
da59efc6-c428-48e6-c86a-0dbad3b11f64,895
a86c48ae-d2e6-48de-c45e-7da05189bbce,373
57544f9e-d0a2-7d68-d0e2-374ca3e9cd4a,39
cd8e468e-a6a8-5038-a900-2d601e8ace1a,344
fe27b5ba-d5da-6e92-c580-9a0211753778,228
44afa7be-56dc-641c-d06c-29c45901ecfc,538
b896a764-a8ca-63dc-d702-796c8ef7e146,852
69bab0b8-ae90-6aaa-d748-5538161d7ae2,204
0087829a-48fc-6b4e-d854-1ed69b8259e0,841
2e27b8d8-9158-6bc0-c096-e83630888fde,375
990811fa-7cda-65d0-d95e-25a4d29449ac,382
4e099f12-2af2-5844-afca-d9841f4a82ee,934
76b52ebc-fdd0-475c-d156-46ccaf0432aa,461
0bbc65a2-8c8a-4780-be7c-1de25e7b7340,675
899c0618-031e-5016-b812-7ff8f64735e6,455
4ca4a59e-7f94-41d0-a4b0-aa8611579a16,323
bed5840a-1d04-5b8e-d2c8-1ad6648ee2ea,675
d01a61a2-1594-4dca-a746-a21e6fd0154a,85
5597c000-888a-64d4-a61a-8baacf2534ec,8
75de0ba2-6ad2-6f9e-d140-ea664be7316e,365
b8af94ee-cb84-4a6c-b8f8-e88af12365fa,677
f3eb0360-48e4-6fe0-c502-5e787c8a7daa,625
c75f0096-92f4-520a-a096-1b7e780d76e0,986
17f5a728-abcc-64de-d2cc-169e741d147c,314
9ae70106-45ea-59fe-b5f4-11705d2ae46a,794
ab23f9fa-4a64-7aae-dd5a-9348d202aa8e,388
0d45f1c0-2838-4ea6-d256-bb2cb887a0b0,944
f58dd6aa-1790-799e-ddd4-c35cebc89e7c,607
8466d9fc-b2f8-54ac-bb02-f8e29934eeaa,449
3d2d0a52-d314-5fe2-a44c-1d78b62b9a90,529
e8aeb0c0-451e-6404-c280-6d56ed64f2aa,792
11a32882-935a-47c4-df2e-aaeca9fb8162,81
4e496e48-1fde-6da2-a844-d2d69bb9424e,946
1593cbb8-30fa-543c-b60c-040ea2e2b420,231
6ffc2188-4eb0-5c00-b248-93d0ace64004,308
b7f80126-32ae-49a0-c9aa-c608d56e5164,816
16b970f4-d2c6-65da-bf3e-f2a4958c537c,218
0ad7c57a-95ca-4aca-b134-c6c48e93df06,450
9181cad4-9326-4198-cc5c-e1d870b01d98,353
6bc175a8-5d9c-736e-d6ce-904ac2013d10,928
f8195654-8e74-4950-a748-613ca3a16f2a,453
2c0753e0-c2a6-4e0a-b95c-5872d53a18d4,341
d0a71f36-f7da-51d0-ca0a-8b0278b55368,390
1fc96cda-7102-550c-c282-ce9e6697c87a,685
bedd5eea-058a-79ca-d53e-94005ab9c31a,773
d6e1f53c-3246-630e-a91c-f4ece527f118,226
a1fc4d5e-09ec-4d08-cc96-01c65b8a1ed8,832
b3748cc8-7242-6d08-d9a2-e344f642c214,371
c4a0b1e2-8a8e-7576-b0cc-901aaaa62f40,229
457c241a-f25a-4292-b956-24a039dd65a0,123
3b44198e-56b8-44ec-c6ec-60a4ea22d1f4,313
f797626a-f0ce-6a24-cf34-63105d23572c,494
d7914654-1940-44fc-d836-a3ceeb1ffa72,124
35b433e8-29b2-4f0e-b802-1c0c5a6311a0,593
9ee140ae-7740-53cc-ba3c-cdf80fe598b8,717
8cad2e9c-6aac-54ac-b108-5b7a2bf9bed0,185
59a1be8a-15fc-6912-a4de-2f3c8aad2e0e,803
8cc3d30a-2880-461a-a6f4-52324739d528,241
a6b96e40-e6ca-5050-ceee-5e0a8c0ca41c,125
e9232c04-3cd4-4a52-baa0-a780de6f5efe,977
d5b002fc-1dce-6be4-a186-33cad6ffd4f8,378
70096306-0306-437c-d612-2b881afec996,748
e30d7dba-9ebe-5bfc-cbfa-8588d2246c4c,811
39b2e394-1068-6412-af98-4d3cc6476e66,597
901df4be-cd64-55e2-d7ba-eb34bc20c1c6,583
42a61efe-96be-7fa6-a206-99c6238e4322,686
cc47c54e-0cb8-751e-a308-ab786baf911a,224
a49b3100-fd68-49ec-b494-0dd0f79f6e00,5
96285b0e-dc66-4e66-afcc-a9ca2c85e448,548
11bd94fe-a60e-40c6-d3fe-3cce16d8806e,28
7094d694-c390-6e1c-bbe2-d04a2551e33a,923
19b97bc2-7454-4dee-ccc2-71bc2dcbd7dc,612
6ada7f8e-45dc-6584-ba9c-2242379173ea,154
45efcc0c-5832-71ee-c10c-fe42d49172b4,673
c8853b10-f322-4b0e-b1a4-b6b469b4392a,461
9ec486fe-1c64-4c70-a2c0-90b887769a60,465
eedd0276-723c-70da-a204-b818b13c5660,355
bdffda5a-ca4a-4708-c666-227e3560f8f6,358
99a320c0-6baa-5c7c-bbd0-5ecebad2678a,607
1b2d1582-a0b4-5afa-bc80-bd187361a76a,448
d3944dd2-41ca-4ec2-b048-b406fcb7bf9e,110
8ac86c1e-15fe-6eec-a678-e048f8e6b5f4,300
e3a702c6-aeea-7452-c386-1a94b00310d0,873
2d967962-785a-6cca-aee4-19108bee07c4,11
42e8d628-af30-4aa4-c3fa-f0fa5e671968,848
aa42a502-d906-468e-b120-ef046bfa757a,492
9fd4cf4c-2b6e-447a-b214-da5872e038cc,4
cb62f4ee-499c-74f2-ce50-c1f85aed61bc,257
1d14db08-6982-689a-d130-18b2b996f340,463
e05309ac-0ca8-496e-ceae-e5ae44808ffe,749
7c2fd4b2-0578-576a-c3fe-30e807ff5be4,624
a8850b40-94b0-6bae-a02e-de4e807ee0a0,426
2b7ba046-425c-6bb6-db4e-abdef3109450,659
a872c490-8790-41aa-ae3e-94386e724b1a,76
37c279e6-db18-7cbc-ae98-e09010705426,813
78ca1178-b00a-68aa-bcba-44bc0fbdd458,583
3112230a-b4f8-4b68-a350-f756b0b6f71e,645
2df0a334-8b70-6b1c-c7c6-13006cb56cc8,372
1514a73a-b7e2-72f0-c120-92fa4580efae,4
f188738a-43d4-6252-a504-f3e04037cafc,546
01b0389c-9f56-7ea6-bba6-544e22f14a10,560
4bdb4ba4-412e-5d94-ceda-cc9e821ac8b0,314
c7dedfa0-3578-4ca4-a6da-ed5a21dd3f94,164
58128054-2f42-57b4-d3e0-7318fb547a06,703
2bb066f8-4504-5aa2-bf94-e45a6067d948,376
6bb438a8-2358-5a30-a44e-648823e177c4,193
ce713126-4074-49c8-b0c6-75ee30e3566c,451
5ec46348-9600-7f9c-c39e-c544c7a25750,2
776e385c-d158-5062-bf54-165cf3ee6b04,815
8a04fab6-444c-7a22-d35e-67a620155452,677
2eb0cc2e-cc16-6ad4-dd54-0c8a602ef49c,576
7ebf8278-4b08-65bc-c5c2-e10aa3c3e558,580
9df1a64e-3caa-60de-beaa-0e02492bf140,721
2ce0245e-5c44-7ce6-bf14-a090b99ff708,675
69200836-4b5a-4a20-b464-1770388b34f4,582
079f23fa-2992-5fd6-c674-749a2f1a8592,391
0d9f55a4-6aec-5596-dbf2-a7968d09f674,754
6ca1b598-e7b4-589a-b9f6-43f8026d1580,315
a4c0e488-0c88-4b7c-ccc0-57e256ec559c,648
b36e6f52-8a92-52de-b34e-b424630972b4,256
51fe28be-f848-45f8-de64-63349d8c1b8e,44
a3470aca-1202-54f4-a062-f9b6458ead8e,662
141c3dae-c310-5362-c236-cf98f6d6dede,777
99cb277c-347c-501c-b6ce-bf0ea71462fa,33
056c7332-d5b0-63de-bbf0-cdf8ef0229d6,715
0144312c-4564-54ac-dbf6-57668e55e9a0,705
b7f0511c-972e-56b0-aeca-5a3e57b02a12,520
1fe929d8-08f0-7ff8-b154-3d6cb8179014,28
7984fc7a-f310-5240-cfac-c8c058e8761e,838
058b96b8-9ff6-65f2-a7e4-e55a4f9aba9e,670
8b9d3cc2-a43e-4032-adde-3b6ebdad96e2,61
cdb595ac-c0f4-4dac-df84-c9e4e02b8da4,654
002f0752-1dba-78fc-a3cc-10cabd760b3c,972
60b8d98a-815a-7f18-d042-21505c65a50a,427
32c206ac-5faa-7c00-a36e-03e8783e3c32,8
3bc63f56-d314-6df6-b504-9408a60abba2,966
af2e5dec-4948-6562-c53e-67024cae9e5e,161
15e877cc-a99a-5c86-b156-2af4f0b85b9e,863
7ecc4c46-00a8-79be-b2f2-6052626935be,438
830f643c-71f0-67ac-c392-4504836155a4,783
5bdcd90c-1146-4d20-d6f8-5a8e5dd9b282,729
ce1bc190-50e0-4544-d95c-fa7a0530e1ca,355
d530256e-3d68-4c4a-d1b4-3e1081854608,22
3c259e64-7bc6-5b06-a2a0-edb6e752c2b4,493
cf2932ba-1858-5eca-abc6-299e05c82bea,212
43c2842e-de6c-5ef8-a5be-2f4cd3f3e43c,961
c2d729c6-c606-49ce-af34-036e8813561a,922
1215417e-9c22-4590-bfe2-17ea6706e098,53
ac1d05a0-a34c-48b6-d85c-bba4d1d6a780,650
4d2de542-d36a-46e2-c970-b1d6ccd765da,636
496ae122-4a16-6e4c-aae8-101ce939381a,642
48fe138a-8e34-5b06-b50a-2a5881dba098,662
686c4242-8130-5770-a7e2-247c4238a026,562
f049e020-47a6-4462-a562-1b1012794b44,807
26eecce6-b120-5e04-ce08-fb3609e80c50,487
fa0c0b54-446a-530c-bede-d2a0b1322e14,618
df52fcf8-ceac-68d6-df3a-4fdcfe29c046,361
532c7458-606c-475c-b478-a8122233cbbe,504
401fc322-1702-48ae-b008-c822c08d26b2,842
9419c35a-3302-7700-aeae-776e74e90a0c,818
22044a0e-3820-6176-a706-06ccb6b90a4c,286
751956a8-ca92-4d5c-ab00-2afe917714b8,46
49b6d310-e076-7954-b632-f77adc008202,941
fc55bf9c-a8b6-644a-a2f6-dbb81c515b4a,120
24995326-6556-7f32-bd34-9d785f12a0a8,282
107ea444-aaf4-6a7a-daee-7586366a77d8,305
bff3a084-8c90-6568-d394-6d08e6441ebc,577
63e46482-a0be-7000-c41e-49744cb3944a,941
c5d5252e-ef94-78ba-d854-54eaff0437ec,192
b194f262-d894-79c4-b6a8-83880a0c6440,280
3e90f90e-dc18-5784-b992-68a8ef233cec,32
83e4d5b0-5ba8-56ec-da32-fc68201646ec,282
f67e45dc-db36-4568-cb0a-caca47ebfe22,652
d00e1fb6-3610-78ea-b218-0ea450cef2ae,265
18e9922e-56ee-7a56-ab3c-330620eb91dc,336
a3aa9bb0-cec8-71f6-d160-2a72f9de48e4,60
7d2226da-8fd0-49e6-ccb6-6b0890090f4e,188
5c8d35d2-0d70-7b22-b588-4380ae83b40c,681
c3ec5226-a6ba-5062-c454-fdaa7d574aba,205
f58030b0-dc96-5460-ac60-ab5ee87dc658,753
93c7d5d0-0f3c-6956-dcaa-9f0c276ef33c,518
830f0a14-028a-4124-dfe8-0ffa8b33fc46,48
ae52537c-b052-7d12-c5a2-570cac6b0d76,309
933854b6-5830-7986-a568-34c60db48de8,133
7656e024-5440-4f8a-d5f6-637cb2b078e0,106
d4df0288-6c1c-5c02-ac9e-6ea654115d26,217
21047ea2-596c-61f6-b21e-09befe37df0a,257
520760cc-ec80-41b6-d582-44b0140efb3c,430
9c6a7976-8924-4cb4-b99a-dd6472791c3e,113
f08440e0-9520-4232-a36a-013cd77bde34,115
90e06fe4-3b5c-5c8e-ce86-94c8989d7e84,505
23cf9e88-5d8e-7864-df54-4a0e537b3a1a,356
15dd8ebe-3556-6fc2-a834-be7c58ea7c76,770
a1439be0-98b4-7160-bcc2-2dd419d23392,341
efd62f12-11c8-7034-bef6-4d24c9580cc2,198
27ade1ec-8b46-4e20-a074-e8d676a88684,756
3a4332e4-c09e-74a0-a1a4-f5f4e57a2462,10
bafbb470-a0d8-6ba8-b052-398ca95b9d0a,930
fa556762-d09c-4d40-b674-e264b9aebd74,418
d1572f88-ca36-42e6-b176-557c51551106,268
ddc73e52-978a-51b4-d138-582822424654,407
c3cf4e1c-6ab6-7cb4-a28e-0b8e3206285e,856
4fe9451a-c568-7ff4-cc7c-96040e43cd34,205
530b786a-8aa8-785a-c7f2-54de3cca3b40,115
2ff5aa5a-4c46-4b54-c8ae-e3d067c15d08,148
e83e3bf8-a35c-4cc2-aa16-0e12f8868976,168
d7e119a0-b1d4-5f84-beba-773ccef45f78,446
a47e0d42-2cac-4e28-a5ac-b75445bfc684,110
f0240c32-01c4-6708-d68c-4e0c9b3e325c,180
66c631dc-8f64-7920-cdd6-32c0e19085e2,981
1ec340d2-0f5a-4490-ba72-c12e2bcd6414,119
0a92386c-c38c-4464-a5ae-f03836eb128e,651
7d24a78c-d912-78f8-d3be-dad6fbd9e000,553
0fde28e2-125c-4986-bac0-a1c00ed702a6,773
271ad480-888a-4082-b552-97e4e6a54512,237
cf225912-a926-68f2-b17e-6cb2eb68ed56,535
e52e5cea-ffe4-6286-a476-d8f6f1e49b80,811
9e33b3ce-7b80-627e-bcb0-8dde18372c04,144
1eee2f9e-2eac-4006-a420-b736ab19c088,547
e1f44f1a-059a-4938-c82c-aec0235ab22a,543
b1661b72-9f80-50d8-d85c-9f6642eeb360,973
d016785c-4ee0-7506-cc2a-ca6025815786,111
a768583e-838a-404c-a7de-b2362b714054,49
7c3c696c-00dc-6570-d886-067860b02ea8,60
0c7bb538-e0d2-5a60-b0ac-8054ada2ab38,330
c3e61fba-5e98-45dc-b816-ad7815e0fae2,9
47f677da-5268-4d1e-b018-d5f45fb50d6a,710
dde1882a-4dbe-63f4-d198-4e9c5a5b8966,720
c9fb5514-b80e-4ad2-aa4c-98e261a8a532,580
d1e51936-506c-6402-d8f0-af04362ce9de,164
25415c7e-e4c0-5548-b458-372a4ab16266,362
008b0d1e-6fd2-7c68-b548-bd90d460e05c,221
973e0c2c-69c2-7100-c140-21d2b86f3bd2,218
28debab4-e106-4686-b3ea-3172b4d86a88,565
293fe076-5466-5de0-dcf4-3928e665732a,734
be837052-d590-75be-dd70-45622a9bb226,616
110a02f4-9282-599a-af20-fc46c6deca9a,38
17811e18-066c-5bf0-b8cc-e7720d3b2276,232
c2c918e4-8d00-7990-d95c-e16686099770,229
e42c1a8e-0a9a-479e-aae0-e02c0e92fd5c,382
7903258e-af82-5b0a-c882-4204d53eb4a4,197
65e43e4a-7f3e-6806-bc62-85aa7d0883f6,742
b4d16d1e-a66c-61e4-a602-336cc49b9b74,390
f97014d4-32e6-75b0-cf62-3d809470fd4e,502
549a1dac-faaa-4294-a33c-aa2ce142dd9e,343
145dec30-9242-6362-ca7c-1180c5d64b68,968
6e0a972c-cf5e-7c0e-a44a-75ccae559df2,604
1979a938-3968-49ac-de0c-6c4e9c47bf5c,940
74aaa9ce-bcaa-67b4-a77c-b75452db6a48,590
afef6180-47e8-7676-adb0-da2a788c19da,245
3d3eebac-6542-7f0c-a2d8-34a2eba3bb1a,806
4e63aa6e-590c-516e-b3a6-927466b61b1a,480
ca80fec2-da76-7f24-c892-9720dc1ea6d8,33
07734e74-1120-7ac6-cff4-59088ddef13c,484
4db83334-0b16-75d2-bee0-705af07674de,212
c60ea4fc-2ff8-68da-af6a-89066d023a48,486
82fe1b7a-5564-74c4-ba3e-2fda6263b3e8,550
0a6cc6fc-5ac0-72de-b570-6be2346dada4,787
d094c4ea-9ee0-430c-d81e-a9f8ff3238de,662
0d851a52-adbe-78b6-df4e-ddb6e3eae190,907
41d666bc-1bda-71c8-a238-713e5b6c668e,72
fb5ba118-1a76-5f46-c814-753834199224,93
69cee11a-3fc8-42ec-c604-dea825de05f8,347
f38b88a0-3ed6-7522-c2f2-ec94e1796dda,831
e07bca4c-4f6a-70f8-d108-6b44210022c2,903
3af6dc82-8950-4fb6-dd9c-a3c69878aefc,235
368f18fe-4120-6336-da18-80e834aea622,855
5fed5f92-ac1a-7e42-c832-eaf23566f364,331
9455d786-613e-6d66-c1d2-b0aae5d85e60,591
f2961bee-8122-461c-d872-0a7277c4d5d4,391
bd81ae38-84d0-5bbe-a738-c5f2f3bdbef6,580
11e946da-6518-616e-c66c-1134a2a29fb0,771
0295fc26-9316-59c6-b3ac-f4544307072c,46
cb2ea4fe-658c-485c-a0ee-e6ae212bce78,920
b2fcf120-a44c-6f6e-bf5a-291eef2b8b2c,393
85fdef10-4a22-67e2-d5ea-af3c682e8952,39
8e4ec070-2902-6af8-dc96-bc18e8e684be,156
d1c4b06e-8bea-45c2-b56c-f178d66f4e1e,355
8484d826-1c98-4fba-a948-c0e4953aff28,657
39b9ea02-8a56-4f34-b912-d478058df716,343
72a583b4-8068-6b56-a424-a96c306a564e,570
5b686584-db0c-50fe-b5f2-66f6ed3796c0,790
9a0b586e-e4e0-41ba-d096-01786ae25176,337
4bcdc25c-509e-6280-cc60-daf40aa231b4,271
ebd3af6e-28ca-5470-d322-a934fe3b7fc6,373
f67a52a0-d614-7802-d824-b120aaf00900,497
8d351818-9fc2-7978-d086-84a26e08bb32,273
1710861a-0ca8-5afa-a876-5d4899f4fd7a,908
5d8c383c-2f2e-7a4a-c7aa-57faca840eba,656
32b4012e-8e82-5216-b3ce-6496f88d0a18,481
3f5c15b8-131a-5a0a-cdd0-b2dc43511382,953
9773377e-ceb6-7f74-dd98-db5ed584da6e,68
634d38a6-d7ea-7ae6-d0e4-0718276d7530,40
c8d85f12-83ea-735c-c040-126cb9590572,144
b2167704-0f8c-4002-acbc-22a699ec9a0c,743
9107d582-ad90-58e2-ad00-7c46eb779856,840
18dc57a4-72c6-50a6-b04c-4ab0e228cb8c,239
448751c8-40bc-59be-d0dc-c4a8f94ecd1c,35
b638d714-d28e-452c-ae18-e21acd72852e,351
b9f104c0-1f3a-5560-ba42-cccac99aee44,451
d3344910-869a-71da-c0b6-f96032d38282,408
a6854410-4e0e-7232-b5da-8eccec798bf0,971
1a1a5374-590c-57d2-ca88-2b9c2eff1cfe,222
fcfe0db6-a22c-5376-b278-c168aa29e8d8,8
a86d8e32-d71c-53fe-b744-5db6bfce85d8,406
9ee65718-085a-68fc-bb28-566a7529db2e,190
2630e536-671e-77b8-d8aa-c02c2a3ccf8c,65
dfdbebc8-ec8a-5bd4-d97e-8eb8dba52f4c,578
b97e5020-1824-78b2-be52-ef400b0cccb0,866
226b4cf6-5288-6d90-c40e-5ae4152cd68c,27
c51bb14e-b1ba-703a-b684-18da6019e7f4,171
3365d906-b780-7260-a4ce-a40a85770e36,938
394032c2-3d82-4a44-a2e2-55a61995c2f6,331
e07f44e6-8fa6-56cc-b1dc-e22e7778445e,767
acfb3d12-1aea-7524-ce60-cca6022ee55e,365
02f5e580-cd52-5412-de86-84d2c5318674,288
d03228de-94aa-41a0-bba0-d22cbd9e0be4,986
92b027d2-ceda-7fba-ccb8-5e8083135686,462
eb5440b0-9ae4-7480-ddc2-b5d0054fa9a4,41
9e2c8276-8f04-7108-c7f6-5c56f0c5451c,842
5666e12a-cb90-69d0-aa08-603a5ad4eb70,188
ac643266-f756-442c-ba38-c6307d1783e6,697
eb7d24b2-da6e-4584-c562-755262b3fa06,435
81e72b22-a3aa-4f48-cd98-32aee1514052,755
d9498f06-856e-7c0a-d030-50feb9cfe5da,338
88acb138-d14c-5fe0-c39e-c8a2b291240e,454
1cbe8ed2-a7f4-44c6-d384-82624ec6ca4a,872
2a89f7b6-c450-7c0c-c2d8-67fcc7b54b54,799
89009aaa-8ba6-6600-c9b0-1114266f220c,571
032a6212-07e6-5418-b34a-d9326e98f3fa,754
21fba1d4-1808-74be-d0a8-bffc5b763984,278
80a64260-03d0-7d14-da16-c8207430f920,343
7536301c-4474-6d60-aac8-d01cb1e11362,377
6009e130-356e-4e5a-a344-3d54dabfa272,934
ad731688-966c-4d78-d85c-ae74e5008236,56
bb556e72-bbbc-4d32-d0d2-bf8c7b21ca46,904
466b87ac-c366-47d6-d7ca-07da62f37538,726
1025d7f6-889a-770a-d928-be080cd50564,826
a5b3fb5c-a7d8-52fa-b1e4-3e447262a072,136
9b6fecba-22aa-7346-bb2c-de6685dd8078,574
828d9df2-4abe-76e6-c59e-0e24b8ba3ebc,518
1b8b1600-b3f4-5ffa-cdf6-3c8e58ccd706,609
1da6fa96-dc6a-638a-d5f4-844231b3f686,88
7e23c288-96f8-521a-cf42-b9a269d68562,439
93539808-05da-566c-d5fa-509a7d070d52,871
e1055ebe-4c0e-7902-d4be-0004a1e898fe,158
81f13c92-7004-49d4-d72a-4c6e3366ad60,387
ad8dd0b2-a3e6-74f6-b33a-3adeb28d0712,271
04aaf482-8c74-4cea-ac8a-924eb8b86356,680
fccae2e8-70a8-5e20-a1a8-bcb6f02f5722,854
bcefbcba-f020-591c-d94e-6024c6c422f2,870
ed24ac94-d052-5d96-dd46-7438bae1928c,775
6876af16-999e-52fc-c398-2612c1479fe6,21
95e9b862-033c-72aa-bb4a-73e43fba10ca,440
1b40309a-67ec-535a-cd56-580e4d87ac76,91
4eceb832-cf68-571c-c4c6-9fba36f674b2,839
6dbc13f2-073e-728c-a30a-a0dea8b34588,264
e918c6f0-e56e-56c6-df52-e8aafb748970,70
93ba5c8e-9a3a-7790-ad2a-0228cd218aea,528
2d195a36-3762-6124-b268-06ca93c57840,719
3d6ba686-ecf2-593c-da78-f4302b8b4bca,506
1bda950e-9152-6426-bc00-76c20d237aec,516
22345f6c-045e-75f0-dbfc-9e9817e8ed82,395
aedea0c0-786c-43a6-daf6-afce8a4f24ca,344
2ea8b69a-9d0a-4490-bd20-89fc9e3cddcc,91
a5647e2c-2996-551c-b33c-baea5d457942,775
dc4031ac-f42e-4a8e-b118-f88cdfd54080,705
b6c79726-2e02-563a-d7e6-a66e056059e0,257
dc7c563e-7eaa-403e-acd8-1bb4a939c4ce,466
9694a5b0-a29a-4190-c3de-cc32270c16ac,990
af45871c-8fee-6656-d8c8-841e0d92f0e4,539
61bb7caa-3164-56f6-b3d0-5f6657aa2d30,493
c1ef05d6-8712-7e96-bc14-05bc5945bed4,663
9a7e2172-83a2-52e4-a722-263caf3f5474,426
5b34f26e-6b22-621a-d98a-fb102daec870,586
49577f2e-b956-7c34-dbda-eaba5e58132a,765
0dd04a22-405a-5b62-aff8-c76c0186d9f8,431
ffc6cd2a-98cc-54f8-ce9c-1c6e3884e7dc,795
a74242ac-3c50-60c0-d51a-a772a2a7c2da,51
18aca284-8b4c-60f8-c1b2-44a2c2ec5d2c,52
34422f5c-7056-6d38-d97e-b0b2126c889a,70
ea53781e-6294-7582-a548-fb6097b78a7a,518
cc0c17d0-7256-69a4-ba7c-aea8881a8a64,461
7610561a-4d3e-7e3c-d89e-d88a25a91f36,941
06b11d2c-7c62-77de-ac8a-ecbace856516,489
e1209d6c-edb2-4f80-b58a-50460ed40502,710
63a54ba6-8f7e-4eb8-c376-01d489a4785c,637
2ec8b07c-02c0-4d8a-a698-50009b7c8bc6,202
379a288a-aafc-5988-a5b8-2760222f5168,474
b395141a-b67e-584a-d186-a430851be7ca,376
c68bf476-ecce-61e4-a01e-7c4c4fa5b09e,352
b1437e20-28fa-6188-ce9e-2bbc15a7af12,520
278a7bbc-3ad8-746c-c446-e5d6dcd24df6,615
1c050d36-9f5e-7c40-c150-55dc0cf2d48c,392
c15cfa0e-bc56-59e6-ce84-a924da31bbcc,696
607a2570-6c6a-5238-c392-956408df33c0,945
ee2ac120-e2d2-4766-dcdc-1daa2f2a3bd2,457
41f50380-89c8-4b22-b0b6-292628f84764,179
fab47f04-1bf0-44dc-d912-d846565d9ec4,266
edf8816c-5a90-563a-c6dc-c6fa02116872,376
5d885c5e-9c32-5c9e-bd80-7f04c8a92404,381
f9229cae-5fd8-7b80-c030-e9a0e88c06a4,598
0ece12c8-4e08-62ee-b1cc-69f85889e7ca,772
0f69423e-868e-7274-a3aa-e11effa308ae,297
39dda818-7120-74f6-a478-0d52fdfed196,888
361c8c56-f59a-7c54-c906-55721ac3b7d6,416
c24b3f14-be7a-7a1c-b1dc-0c82ca0e5d0a,854
5c43767a-44d6-6e86-d8b8-cb64a9be60fa,411
b0f6ac84-69aa-66ec-b49c-daca60e79be2,509
b7bae81e-6d78-7b0c-d474-6314a9d4f762,114
e409b886-af38-66b0-d79a-6db28ad5e0ce,467
dcbc7a34-3dd8-6d1e-d0ae-82aef23a1ba4,644
48fc4e14-7ca0-65ca-da98-e64ac29e0cb6,894
f06fc114-a89a-684a-c932-1612cc552356,586
a7fa7926-1ab8-7b22-d1ae-c9f03a8621d4,197
02ab37a2-02a2-72c0-d1d6-407afbd19fde,96
91bcc32a-bb84-4bec-b13e-3824cacf71b6,831
cf5e1e6e-7e6e-5b0a-bf82-270820750354,407
335f3d1a-26ac-665e-d642-4164b1136180,404
9db70b56-8354-5138-a2f8-85f6437e83f8,500
cb35c672-23d8-5754-a99c-df5c5545e340,218
b7601780-54f8-66b0-d5ee-d366c5cb01ba,276
5e75fa6e-0510-5e26-d788-2bbcac7f4484,427
35fe6d20-a606-55ba-d876-295a6e43e6f4,454
fa21af52-6aec-7040-d5c4-8ec48c134794,134
1e6e6e20-2ad6-5a3a-a5a0-7fce664d40ea,362
aef15334-42a4-5100-ada2-47b4519d6f26,623
e5627370-b3ac-72f6-c092-59b2e0f848b0,934
a4db830c-2fa4-5478-d25e-9a92570fc4b8,392
f2112956-0c4e-6782-b778-3724e09441bc,900
c5eab6f2-82a6-58a8-aa26-c54ce5f3a9a8,509
85520d00-18ce-5cf2-a072-cc7a2deb4fe8,524
915d262c-989a-7a0c-c93a-c83ed859ce86,833
5f1e62d0-933e-43bc-ac28-9f8cc0292b3e,382
d708d6b0-6cfc-40b8-ada2-efa28ad81960,70
5a98b4ee-c308-6f90-a1f0-dbd8b592cc84,292
de0aa852-1c6c-6366-ae80-b50645e05d72,647
50817d46-2bf8-5352-c016-bf38b460d70e,4
60305ec4-024e-4fde-d576-6f4aaa7bd098,829
fce65eec-e9f8-5ae2-b3dc-ad027a0f4a72,217
4e7c88da-16f6-582e-d12c-336452bdbb94,610
